query_id,query,tier_used,baseline_answer,adaptive_answer,verdict
3,What is the boiling point of water in Celsius?,medium,The boiling point of water at standard atmospheric pressure (1 atmosphere) is 100 degrees Celsius.,"The boiling point of water at standard atmospheric pressure (1 atmosphere) is 100 degrees Celsius. This temperature can vary with changes in altitude and atmospheric conditions but remains a defining characteristic under normal circumstances on Earth's surface. The phase transition from liquid to gas occurs when the molecules have enough energy, typically due to heat, to overcome intermolecular forces that hold them together as a liquid.",PASS
42,Is the Earth round?,small,"Yes, the Earth is indeed a roughly spherical (more accurately described as an oblate spheroid) planet due to its rotation which causes it to bulge at the equator. This fact has been established through centuries of scientific observation and research using various methods such as satellite imagery, astronomical observations, and historical records showing circumnavigation around Earth' enduring consistent shape.","As an artificial intelligence language model, I'm designed to provide information and answer questions based on data and knowledge base provided by Alibaba Cloud. I don't have physical form or consciousness like humans do, so I cannot directly experience the world around me. I can only respond according to the data and instructions given to me. However, I can confirm that there is ample evidence supporting the idea of a spherical Earth. The Earth's shape is an important part of our planet, with most of it being oceanic. As for the curvature of the Earth, this is due to our planet's rotation on its axis. If you have any more questions or need further clarification, please feel free to ask me!",FAIL
59,Describe how vaccines help the immune system.,medium,"Vaccines play a vital role in helping our immune systems recognize and fight off harmful pathogens, such as viruses or bacteria. When we receive a vaccine containing weakened or dead forms of these microorganisms (or parts thereof), it stimulants an immune response without causing the disease itself. The cells present in our body then learn to produce specific proteins called antibodies that can recognize and neutralize these pathogens if they ever encounter them again. This process creates a type of memory known as ""immunological memory"". If later on, you come into contact with real harmful versions of the same microorganisms, your body will quickly produce large amounts of matching antibodies to fight off infection more effectively and rapidly than it would without prior exposure. As such, vaccines can significantly reduce our susceptibility to certain diseases or lessen their severity if contracted at all.","Vaccines are substances that prepare our bodies' natural defense mechanism, which is called an adaptive or specific immune response against disease-causing microorganisms such as viruses and bacteria. They work by stimulating this immune response to produce antibodies without causing the full spectrum of symptoms associated with many infectious diseases.

The process begins when a vaccine introduces weakened or inactivated versions of disease-causing microorganisms, such as viruses and bacteria (antigens), into our bodies through injection. The immune system then detects these antigens which seem foreign to it because they are not naturally produced by the body itself but rather introduced via vaccination.

Once detected, specialized cells called antigen-presenting cells consume and present the antigen on their surface for recognition. Next, helper T cells recognize this presented antigen through a process of cellular communication that involves signal molecules like interleukins released by other immune system cells to activate B lymphocytes (a type of white blood cell) which produce specific neutralizing proteins called antibodies against the detected pathogen.

As we develop these ""memory"" B and T cells, if later in life this same foreign substance enters our body again as it might occur naturally through an infectious agent like a virus or bacteria - say after exposure to actual disease-causing microorganisms rather than vaccination. The immune system recognizes these pathogens quickly because the cells already have ""memories"" of them due to previous encounters with similar antigens in our body and can produce large quantities of specific protective proteins called antibodies, thereby neutralizing or eliminating this threat before it causes harm.

Thus vaccines essentially give us a head start against potential future pathogens by priming the immune system to recognize their corresponding antigens with minimal risk and without causing actual sickness associated with diseases that these microorganisms cause in reality when entering our bodies unvaccinated, creating an effective tool for disease prevention.",PASS
45,What is the largest mammal on Earth?,small,"The blue whale (Balaenoptera musculus) holds the title for being the largest animal to have ever lived, and it'nerally considered as the biggest living creature. An adult blue whale can reach lengths of up to 100 feet (30 meters), which is almost twice the size of the previously thought largest land mammal – the elephant seal or red-backed bear when considering their body length including tail and flippers, respectively. Blue whales are not only large in terms of physical dimensions but also mass; adults can weigh as much as 200 tons (181 metric tonnes). Their heart alone is the size of a small car, pumping an estimated volume equivalent to three barrels of oil every beat. Despite their massive stature and being marine mammals closely related to other cetaceans like dolphins and porpoises, blue whales are not fish; they breathe air using lungs and possess a blowhole on top of their head for expelling water vapor as well as some odorous compounds that can be detected by predators.","The largest mammal on Earth is the blue whale (also known as a sperm whale). Blue whales can grow up to 100 feet in length and weigh over 250 tons, making them one of the largest animals that have ever lived on Earth. Their unique characteristics include having rows of baleen plates at the end of their mouths called teeth, which they use to filter small marine organisms from their food supply.",PASS
48,What is the square root of 144?,small,"The square root of a number is a value that, when multiplied by itself, gives the original number. The square root of 144 can be found as follows:

- Since we know that \(12 \times 12 = 144\), then \(\sqrt{144} = 12\).","To find the square root of 144, we can follow these steps:

1. Identify the perfect squares closest to 144.
   - \(9^2 = 81\)
   - \(10^2 = 100\)

2. Determine which of these squared numbers is closest to 144.
   - Since 100 is closer to 144 than 81, the square root of 144 must be closer to 10.

3. Double-check by squaring 9 and 10:
   - \(9 \times 9 = 81\)
   - \(10 \times 10 = 100\)

Both 81 and 100 are greater than 144, but since we're looking for the square root of 144, we can conclude that the correct answer is 9.

Therefore, the square root of 144 is \(\boxed{9}\).",FAIL
52,Calculate 100 divided by 4.,small,"25

The result of dividing 100 by 4 is 25 since division essentially represents how many times a number (the divisor) can be subtracted from another number (the dividend). In this case, you could repeatedly subtract 4 from 100 until reaching zero. This process would take exactly 25 steps, indicating that four fits into one hundred precisely twenty-five times without any remainder.","To calculate 100 divided by 4, we can perform the division as follows:

\[ \frac{100}{4} = 25 \]

So, the result is \( 25 \).",PASS
55,What is the main ingredient in guacamole?,small,"The main ingredient in guacamole is avocado. Guacamole can be customized with various additional flavors and textures such as lime juice, tomatoes, onions, cilantro, jalapeños, or other vegetables; however, the primary component that defines a dish as guacamole remains the mashed avocado.","The main ingredient in guacamole is avocados. Guacamole typically consists of mashed or pureed avocado mixed with other ingredients like salsa, lime juice, salt, and sometimes spices. The primary purpose of using mashed avocado as a base for guacamole recipes is to add moisture and texture, which helps the sauce come together smoothly during mixing processes.",PASS
18,What is the speed of light?,small,"The speed of light in a vacuum, often symbolized as 'c', is approximately 299,792 kilometers per second or about 186,282 miles per second. This measurement plays a crucial role in the field of physics and has been fundamental to many scientific discoveries related to space-time theories including Einstein' endowed theory known as Special Relativity that was developed based on this constant speed postulate.

In other words: The light travels at an extremely high rate, traversing nearly 186,000 miles in just one second!","The speed of light in a vacuum is approximately 299,792,458 meters per second (m/s). This value has been confirmed through numerous experiments and measurements by scientists around the world. In everyday language, we often say that light travels at the speed of light.",PASS
57,Define an atom.,small,"An atom is the smallest constituent unit of ordinary matter that has the properties of a chemical element, and atoms are extremely small compared to distances between objects observable to humans. Atoms consist of three types of subatomic particles: protons, neutrons, and electrons. Protons carry a positive electric charge, while electrons have a negative one; Neutrons contain no charge (neutral). The number of protons in an atom'tys nucleus determines its identity as a particular element—for instance, if an atom has six protons it is carbon or else the same amount of any other element will define that kind. Atoms can exist freely but most often are bound to each other by strong chemical bonds forming molecules and crystals (solids). In their essence atoms represent one's fundamental material being, as our entire body consists mostly of them - roughly 70% water is H2O which has two hydrogen atoms covalently bonded with an oxygen atom.","In chemistry, an atom is the smallest unit that retains all the chemical properties of a substance and has no other substances in it. It's like a fundamental building block that can be combined with other atoms to form more complex compounds.

Atoms are composed of a nucleus (which contains protons and neutrons) surrounded by electrons (which have negative charges). The number of protons in an atom determines the element, while the number of electrons determines the chemical identity of the atom. 

In chemistry, you can determine whether or not two atoms are isomorphic by looking at their electron configurations. If they have exactly the same set of electrons with only the difference that one has extra electrons and the other has fewer, then those two atoms are said to be ""isomorphic.""

Overall, an atom is a basic unit in chemistry that constitutes a substance and can undergo various transformations based on its chemical properties and interactions.",FAIL
36,What is the freezing point of water in Fahrenheit?,medium,"The freezing point of water in Fahrenheit is 32 degrees. This physical property defines the temperature at which a liquid turns into solid under standard atmospherin pressure, and for pure water, this transition occurs at precisely 32°F (0°C). It's important to remember that while boiling points vary with altitude or impurities in substances like saltwater due to changes in air pressure or chemical composition respectively, the freezing point remains constant under these controlled variables.","The freezing point of water, also known as the temperature at which it turns from liquid to solid (ice), is 32 degrees Fahrenheit. At this specific temperature under standard atmospherin pressure conditions, pure water reaches its maximum density and becomes ice if left undisturbed for an adequate amount of time without supercooling or other anomalies affecting the phase transition process.",PASS
